mms_ref,supplier_name,supplier_ref
MMS-AG-00001,TVH,129TA9881
MMS-AG-00002,TVH,147TA4122
MMS-AG-00003,TVH,147TA4136
MMS-AG-00004,TVH,138TA4538
MMS-AG-00005,TVH,138TA4541
MMS-AG-00006,TVH,134TA3676
MMS-AG-00007,TVH,108TA4058
MMS-AG-00008,TVH,147TA4150
MMS-AG-00009,TVH,108TA4053
MMS-AG-00010,TVH,108TA4052
MMS-AG-00011,TVH,107TA6863
MMS-AG-00012,TVH,166TA6798
MMS-AG-00013,TVH,129TA9982
MMS-AG-00014,TVH,147TA4164
MMS-AG-00015,TVH,108TA3945
MMS-AG-00016,TVH,107TA6779
MMS-AG-00017,TVH,147TA4170
MMS-AG-00018,TVH,152TA8896
MMS-AG-00019,TVH,166TA6797
MMS-AG-00020,TVH,130TA1013
MMS-AG-00021,TVH,130TA1012
MMS-AG-00022,TVH,152TA8898
MMS-AG-00023,TVH,147TA4184
MMS-AG-00024,TVH,129TA9997
MMS-AG-00025,TVH,108TA3941
MMS-AG-00026,TVH,108TA3916
MMS-AG-00027,TVH,166TA6782
MMS-AG-00028,TVH,129TA9998
MMS-AG-00029,TVH,166TA6789
MMS-AG-00030,TVH,129TA9976
MMS-AG-00031,TVH,147TA4192
MMS-AG-00032,TVH,147TA4191
MMS-AG-00033,TVH,152TA8897
MMS-AG-00034,TVH,147TA4179
MMS-AG-00035,TVH,130TA1004
MMS-AG-00036,TVH,166TA6785
MMS-AG-00037,TVH,147TA4207
MMS-AG-00038,TVH,166TA6786
MMS-AG-00039,TVH,166TA6799
MMS-AG-00040,TVH,147TA4160
MMS-AG-00041,TVH,147TA4211
MMS-AG-00042,TVH,166TA6780
MMS-AG-00043,TVH,147TA4178
MMS-AG-00044,TVH,147TA4214
MMS-AG-00045,TVH,166TA6788
MMS-AG-00046,TVH,147TA4218
MMS-AG-00047,TVH,166TA6784
MMS-AG-00048,TVH,147TA4221
MMS-AG-00049,TVH,129TA9978
MMS-AG-00050,TVH,166TA6790
MMS-AG-00051,TVH,166TA6781
MMS-AG-00052,TVH,147TA4224
MMS-AG-00053,TVH,147TA4223
MMS-AG-00054,TVH,166TA6792
MMS-AG-00055,TVH,147TA4226
MMS-AG-00056,TVH,166TA6779
MMS-AG-00057,TVH,166TA6791
MMS-AG-00058,TVH,166TA6783
MMS-AG-00059,TVH,116TA5176
MMS-AG-00060,TVH,152TA8899
MMS-AG-00061,TVH,147TA4227
MMS-AG-00062,TVH,166TA6787
MMS-AG-00063,TVH,166TA6793
MMS-AG-00064,TVH,166TA6795
MMS-AG-00065,TVH,166TA6796
MMS-AG-00066,TVH,116TA5177
MMS-AT-00001,TVH,166TA7636
MMS-AT-00002,TVH,142TA7599
MMS-AT-00003,TVH,143TA5940
MMS-AT-00004,TVH,166TA7637
MMS-AT-00005,TVH,166TA7638
MMS-AT-00006,TVH,165TA9788
MMS-AT-00007,TVH,166TA2279
MMS-AT-00008,TVH,127TA7367
MMS-AT-00009,TVH,166TA3181
MMS-AT-00010,TVH,167TA2224
MMS-AT-00011,TVH,166TA7639
MMS-AT-00012,TVH,152TA1875
MMS-AT-00013,TVH,167TA2225
MMS-AT-00014,TVH,143TA6905
MMS-AT-00015,TVH,166TA1570
MMS-AT-00016,TVH,145TA9268
MMS-AT-00017,TVH,143TA3560
MMS-AT-00018,TVH,143TA3503
MMS-AT-00019,TVH,166TA7641
MMS-AT-00020,TVH,143TA3501
MMS-AT-00021,TVH,143TA3499
MMS-AT-00022,TVH,123TA5111
MMS-AT-00023,TVH,126TA4417
MMS-AT-00024,TVH,107TA7980
MMS-AT-00025,TVH,162TA4717
MMS-BA-00001,TVH,111TA1720
MMS-BA-00002,TVH,129TA7529
MMS-BA-00003,TVH,117TA7359
MMS-BA-00004,TVH,129TA7361
MMS-BA-00005,TVH,111TA1833
MMS-BA-00006,TVH,129TA7363
MMS-BA-00007,TVH,129TA7360
MMS-BA-00008,TVH,129TA7365
MMS-BA-00009,TVH,129TA7421
MMS-BA-00010,TVH,129TA7362
MMS-BA-00011,TVH,111TA1725
MMS-BA-00012,TVH,129TA7366
MMS-BA-00013,TVH,129TA7372
MMS-BA-00014,TVH,129TA7531
MMS-BA-00015,TVH,129TA7364
MMS-BA-00016,TVH,129TA7371
MMS-BA-00017,TVH,129TA7373
MMS-BA-00018,TVH,129TA7369
MMS-BA-00019,TVH,129TA7530
MMS-BA-00020,TVH,111TA1731
MMS-BA-00021,TVH,111TA1739
MMS-BA-00022,TVH,129TA7377
MMS-BA-00023,TVH,129TA7532
MMS-BA-00024,TVH,129TA7388
MMS-BA-00025,TVH,129TA7378
MMS-BA-00026,TVH,111TA1727
MMS-BA-00027,TVH,111TA1734
MMS-BA-00028,TVH,129TA7375
MMS-BA-00029,TVH,129TA7368
MMS-BA-00030,TVH,111TA1834
MMS-BA-00031,TVH,129TA7389
MMS-BA-00032,TVH,111TA1736
MMS-BA-00033,TVH,129TA7370
MMS-BA-00034,TVH,129TA7396
MMS-BA-00035,TVH,111TA1370
MMS-BA-00036,TVH,111TA1351
MMS-BA-00037,TVH,129TA7379
MMS-BA-00038,TVH,129TA7367
MMS-BA-00039,TVH,129TA7394
MMS-BA-00040,TVH,129TA7533
MMS-BA-00041,TVH,129TA7376
MMS-BA-00042,TVH,129TA7535
MMS-BA-00043,TVH,129TA7374
MMS-BA-00044,TVH,111TA1764
MMS-BA-00045,TVH,129TA7522
MMS-BA-00046,TVH,129TA7383
MMS-BA-00047,TVH,129TA7409
MMS-BA-00048,TVH,129TA7524
MMS-BA-00049,TVH,129TA7414
MMS-BA-00050,TVH,129TA7380
MMS-BA-00051,TVH,129TA7519
MMS-BA-00052,TVH,129TA7419
MMS-BA-00053,TVH,129TA7382
MMS-BA-00054,TVH,129TA7420
MMS-BA-00055,TVH,129TA7534
MMS-BA-00056,TVH,129TA7422
MMS-BA-00057,TVH,129TA7538
MMS-BA-00058,TVH,129TA7536
MMS-BA-00059,TVH,111TA1780
MMS-BA-00060,TVH,129TA7539
MMS-BA-00061,TVH,129TA7408
MMS-BA-00062,TVH,129TA7523
MMS-BA-00063,TVH,111TA1776
MMS-BA-00064,TVH,129TA7424
MMS-BA-00065,TVH,129TA7425
MMS-BA-00066,TVH,111TA1465
MMS-BA-00067,TVH,129TA7410
MMS-BA-00068,TVH,129TA7526
MMS-BA-00069,TVH,129TA7411
MMS-BA-00070,TVH,129TA7427
MMS-BA-00071,TVH,129TA7428
MMS-BA-00072,TVH,129TA7381
MMS-BA-00073,TVH,129TA7386
MMS-BA-00074,TVH,129TA7392
MMS-BA-00075,TVH,111TA1755
MMS-BA-00076,TVH,129TA7521
MMS-BA-00077,TVH,105TA4626
MMS-BA-00078,TVH,129TA7393
MMS-BA-00079,TVH,129TA7384
MMS-BA-00080,TVH,129TA7415
MMS-BA-00081,TVH,129TA7426
MMS-BA-00082,TVH,129TA7390
MMS-BA-00083,TVH,129TA7520
MMS-BA-00084,TVH,129TA7397
MMS-BA-00085,TVH,111TA1774
MMS-BA-00086,TVH,129TA7399
MMS-BA-00087,TVH,129TA7416
MMS-BA-00088,TVH,129TA7385
MMS-BA-00089,TVH,129TA7400
MMS-BA-00090,TVH,111TA1296
MMS-BA-00091,TVH,129TA7429
MMS-BA-00092,TVH,129TA7391
MMS-BA-00093,TVH,129TA7401
MMS-BA-00094,TVH,111TA1374
MMS-BA-00095,TVH,129TA7404
MMS-BA-00096,TVH,129TA7471
MMS-BA-00097,TVH,129TA7407
MMS-BA-00098,TVH,129TA7537
MMS-BA-00099,TVH,111TA1768
MMS-BA-00100,TVH,129TA7525
MMS-BA-00101,TVH,111TA1783
MMS-BA-00102,TVH,129TA7412
MMS-BA-00103,TVH,129TA7527
MMS-BA-00104,TVH,111TA1772
MMS-BA-00105,TVH,129TA7395
MMS-BA-00106,TVH,111TA1788
MMS-BA-00107,TVH,129TA7433
MMS-BA-00108,TVH,129TA7398
MMS-BA-00109,TVH,129TA7436
MMS-BA-00110,TVH,115TA5846
MMS-BA-00111,TVH,129TA7438
MMS-BA-00112,TVH,129TA7402
MMS-BA-00113,TVH,129TA7417
MMS-BA-00114,TVH,129TA7405
MMS-BA-00115,TVH,129TA7413
MMS-BA-00116,TVH,129TA7452
MMS-BA-00117,TVH,129TA7423
MMS-BA-00118,TVH,129TA7387
MMS-BA-00119,TVH,111TA1359
MMS-BA-00120,TVH,129TA7453
MMS-BA-00121,TVH,111TA1799
MMS-BA-00122,TVH,111TA1841
MMS-BA-00123,TVH,111TA1784
MMS-BA-00124,TVH,111TA1839
MMS-BA-00125,TVH,129TA7455
MMS-BA-00126,TVH,129TA7545
MMS-BA-00127,TVH,111TA1377
MMS-BA-00128,TVH,129TA7403
MMS-BA-00129,TVH,111TA1778
MMS-BA-00130,TVH,111TA1779
MMS-BA-00131,TVH,129TA7460
MMS-BA-00132,TVH,129TA7461
MMS-BA-00133,TVH,129TA7434
MMS-BA-00134,TVH,129TA7435
MMS-BA-00135,TVH,129TA7541
MMS-BA-00136,TVH,129TA7459
MMS-BA-00137,TVH,111TA1807
MMS-BA-00138,TVH,129TA7437
MMS-BA-00139,TVH,129TA7439
MMS-BA-00140,TVH,129TA7443
MMS-BA-00141,TVH,129TA7546
MMS-BA-00142,TVH,111TA1378
MMS-BA-00143,TVH,129TA7446
MMS-BA-00144,TVH,129TA7406
MMS-BA-00145,TVH,129TA7449
MMS-BA-00146,TVH,129TA7454
MMS-BA-00147,TVH,129TA7540
MMS-BA-00148,TVH,129TA7462
MMS-BA-00149,TVH,129TA7432
MMS-BA-00150,TVH,111TA1794
MMS-BA-00151,TVH,129TA7456
MMS-BA-00152,TVH,129TA7467
MMS-BA-00153,TVH,129TA7466
MMS-BA-00154,TVH,129TA7445
MMS-BA-00155,TVH,111TA1796
MMS-BA-00156,TVH,129TA7418
MMS-BA-00157,TVH,129TA7468
MMS-BA-00158,TVH,129TA7469
MMS-BA-00159,TVH,129TA7430
MMS-BA-00160,TVH,129TA7431
MMS-BA-00161,TVH,111TA1791
MMS-BA-00162,TVH,129TA7470
MMS-BA-00163,TVH,111TA1813
MMS-BA-00164,TVH,129TA7440
MMS-BA-00165,TVH,111TA1809
MMS-BA-00166,TVH,129TA7457
MMS-BA-00167,TVH,111TA1795
MMS-BA-00168,TVH,111TA1810
MMS-BA-00169,TVH,129TA7447
MMS-BA-00170,TVH,129TA7463
MMS-BA-00171,TVH,111TA1286
MMS-BA-00172,TVH,129TA7450
MMS-BA-00173,TVH,129TA7474
MMS-BA-00174,TVH,111TA1812
MMS-BA-00175,TVH,129TA7441
MMS-BA-00176,TVH,111TA1802
MMS-BA-00177,TVH,111TA1803
MMS-BA-00178,TVH,129TA7543
MMS-BA-00179,TVH,129TA7448
MMS-BA-00180,TVH,129TA7544
MMS-BA-00181,TVH,129TA7473
MMS-BA-00182,TVH,111TA1814
MMS-BA-00183,TVH,129TA7451
MMS-BA-00184,TVH,129TA7475
MMS-BA-00185,TVH,129TA7477
MMS-BA-00186,TVH,105TA4632
MMS-BA-00187,TVH,129TA7464
MMS-BA-00188,TVH,111TA1817
MMS-BA-00189,TVH,129TA7481
MMS-BA-00190,TVH,129TA7483
MMS-BA-00191,TVH,111TA1815
MMS-BA-00192,TVH,129TA7484
MMS-BA-00193,TVH,129TA7482
MMS-BA-00194,TVH,111TA1816
MMS-BA-00195,TVH,129TA7442
MMS-BA-00196,TVH,129TA7444
MMS-BA-00197,TVH,129TA7485
MMS-BA-00198,TVH,129TA7490
MMS-BA-00199,TVH,111TA1818
MMS-BA-00200,TVH,111TA1252
MMS-BA-00201,TVH,111TA1319
MMS-BA-00202,TVH,111TA1255
MMS-BA-00203,TVH,129TA7465
MMS-BA-00204,TVH,129TA7486
MMS-BA-00205,TVH,111TA1822
MMS-BA-00206,TVH,129TA7492
MMS-BA-00207,TVH,111TA1829
MMS-BA-00208,TVH,111TA1821
MMS-BA-00209,TVH,129TA7491
MMS-BA-00210,TVH,129TA7476
MMS-BA-00211,TVH,129TA7472
MMS-BA-00212,TVH,111TA1384
MMS-BA-00213,TVH,129TA7493
MMS-BA-00214,TVH,129TA7495
MMS-BA-00215,TVH,111TA1824
MMS-BA-00216,TVH,111TA1826
MMS-BA-00217,TVH,111TA1825
MMS-BA-00218,TVH,129TA7497
MMS-BA-00219,TVH,129TA7498
MMS-BA-00220,TVH,111TA1811
MMS-BA-00221,TVH,111TA1844
MMS-BA-00222,TVH,129TA7478
MMS-BA-00223,TVH,129TA7547
MMS-BA-00224,TVH,129TA7479
MMS-BA-00225,TVH,111TA1845
MMS-BA-00226,TVH,111TA1828
MMS-BA-00227,TVH,129TA7487
MMS-BA-00228,TVH,129TA7488
MMS-BA-00229,TVH,129TA7489
MMS-BA-00230,TVH,129TA7494
MMS-BA-00231,TVH,111TA1827
MMS-BA-00232,TVH,129TA7496
MMS-BA-00233,TVH,129TA7500
MMS-BA-00234,TVH,129TA7499
MMS-BA-00235,TVH,129TA7501
MMS-BA-00236,TVH,129TA7502
MMS-BA-00237,TVH,129TA7503
MMS-BA-00238,TVH,129TA7504
MMS-BA-00239,TVH,129TA7505
MMS-BA-00240,TVH,129TA7506
MMS-BA-00241,TVH,129TA7507
MMS-BA-00242,TVH,129TA7508
MMS-BA-00243,TVH,111TA1830
MMS-BA-00244,TVH,129TA7509
MMS-BA-00245,TVH,129TA7510
MMS-BA-00246,TVH,129TA7511
MMS-BA-00247,TVH,129TA7512
MMS-BA-00248,TVH,129TA7513
MMS-BA-00249,TVH,129TA7514
MMS-BA-00250,TVH,129TA7515
MMS-BA-00251,TVH,129TA7516
MMS-BA-00252,TVH,129TA7517
MMS-BA-00253,TVH,129TA7518
MMS-CL-00001,TVH,166TA6658
MMS-CL-00002,TVH,166TA6654
MMS-CL-00003,TVH,166TA6659
MMS-CL-00004,TVH,166TA6657
MMS-CL-00005,TVH,166TA6656
MMS-CL-00006,TVH,145TA9112
MMS-CL-00007,TVH,145TA9114
MMS-CL-00008,TVH,139TA7661
MMS-CL-00009,TVH,166TA6655
MMS-CL-00010,TVH,108TA3907
MMS-CL-00011,TVH,108TA8558
MMS-CL-00012,TVH,145TA9128
MMS-CL-00013,TVH,145TA9131
MMS-CL-00014,TVH,165TA4504
MMS-CL-00015,TVH,166TA6660
MMS-CL-00016,TVH,145TA9136
MMS-CL-00017,TVH,129TA9844
MMS-CL-00018,TVH,141TA4895
MMS-CL-00019,TVH,128TA3436
MMS-CL-00020,TVH,145TA9133
MMS-CL-00021,TVH,138TA7515
MMS-CL-00022,TVH,129TA9847
MMS-CL-00023,TVH,138TA7514
MMS-CL-00024,TVH,127TA2419
MMS-CL-00025,TVH,145TA9140
MMS-CL-00026,TVH,160TA5700
MMS-CO-00001,TVH,166TA6661
MMS-CO-00002,TVH,107TA6846
MMS-NE-00001,TVH,139TA7658
MMS-NE-00002,TVH,139TA7657
MMS-NE-00003,TVH,166TA8655
MMS-NE-00004,TVH,151TA2920
MMS-NE-00005,TVH,129TA9505
MMS-NE-00006,TVH,166TA8613
MMS-NE-00007,TVH,140TA1400
MMS-NE-00008,TVH,166TA8607
MMS-NE-00009,TVH,166TA8680
MMS-NE-00010,TVH,151TA2923
MMS-NE-00011,TVH,166TA8667
MMS-NE-00012,TVH,166TA8674
MMS-NE-00013,TVH,151TA2601
MMS-NE-00014,TVH,166TA8652
MMS-NE-00015,TVH,166TA8661
MMS-NE-00016,TVH,127TA2952
MMS-NE-00017,TVH,151TA2602
MMS-NE-00018,TVH,166TA8614
MMS-NE-00019,TVH,151TA2924
MMS-NE-00020,TVH,129TA9515
MMS-NE-00021,TVH,139TA7659
MMS-NE-00022,TVH,140TA7659
MMS-NE-00023,TVH,151TA2603
MMS-NE-00024,TVH,166TA8676
MMS-NE-00025,TVH,151TA2925
MMS-NE-00026,TVH,151TA2926
MMS-NE-00027,TVH,151TA2927
MMS-NE-00028,TVH,139TA6808
MMS-NE-00029,TVH,151TA2604
MMS-NE-00030,TVH,166TA8651
MMS-NE-00031,TVH,166TA8654
MMS-NE-00032,TVH,139TA7471
MMS-NE-00033,TVH,166TA8681
MMS-NE-00034,TVH,166TA8662
MMS-NE-00035,TVH,139TA7573
MMS-NE-00036,TVH,139TA7669
MMS-NE-00037,TVH,151TA2928
MMS-NE-00038,TVH,166TA8589
MMS-NE-00054,TVH,166TA8600
MMS-NE-00055,TVH,166TA8572
MMS-NE-00056,TVH,166TA8583
MMS-NE-00057,TVH,166TA8673
MMS-NE-00058,TVH,166TA8596
MMS-NE-00059,TVH,166TA8611
MMS-NE-00060,TVH,166TA8597
MMS-NE-00061,TVH,141TA7481
MMS-NE-00062,TVH,141TA7541
MMS-NE-00063,TVH,140TA7771
MMS-NE-00064,TVH,145TA9101
MMS-NE-00065,TVH,166TA8649
MMS-NE-00066,TVH,145TA9103
MMS-NE-00067,TVH,166TA8656
MMS-NE-00068,TVH,139TA7281
MMS-NE-00069,TVH,166TA8643
MMS-NE-00070,TVH,166TA8657
MMS-NE-00071,TVH,166TA8679
MMS-NE-00072,TVH,166TA8605
MMS-NE-00073,TVH,166TA8587
MMS-NE-00074,TVH,166TA8573
MMS-NE-00075,TVH,166TA8584
MMS-NE-00076,TVH,139TA9283
MMS-NE-00077,TVH,145TA9104
MMS-NE-00078,TVH,145TA9107
MMS-NE-00079,TVH,145TA9108
MMS-NE-00080,TVH,166TA8598
MMS-NE-00081,TVH,166TA8638
MMS-NE-00082,TVH,166TA8582
MMS-NE-00083,TVH,145TA9259
MMS-NE-00084,TVH,166TA8650
MMS-NE-00085,TVH,145TA9106
MMS-NE-00086,TVH,166TA8653
MMS-NE-00087,TVH,134TA8152
MMS-NE-00088,TVH,139TA7673
MMS-NE-00089,TVH,166TA8678
MMS-NE-00090,TVH,166TA8576
MMS-NE-00091,TVH,166TA8640
MMS-NE-00092,TVH,140TA1212
MMS-NE-00093,TVH,166TA8683
MMS-NE-00094,TVH,145TA9113
MMS-NE-00095,TVH,166TA8644
MMS-NE-00096,TVH,166TA8590
MMS-NE-00097,TVH,139TA7671
MMS-NE-00098,TVH,166TA8586
MMS-NE-00099,TVH,139TA7446
MMS-NE-00100,TVH,166TA8666
MMS-NE-00101,TVH,166TA8659
MMS-NE-00102,TVH,166TA8588
MMS-NE-00103,TVH,145TA9115
MMS-NE-00104,TVH,151TA2677
MMS-NE-00105,TVH,166TA8665
MMS-NE-00106,TVH,166TA8641
MMS-NE-00107,TVH,140TA7968
MMS-NE-00108,TVH,166TA8594
MMS-NE-00109,TVH,166TA8595
MMS-NE-00110,TVH,166TA8577
MMS-NE-00111,TVH,166TA8575
MMS-NE-00112,TVH,166TA8648
MMS-NE-00113,TVH,151TA2946
MMS-NE-00114,TVH,166TA8660
MMS-NE-00115,TVH,166TA8574
MMS-NE-00116,TVH,166TA8602
MMS-NE-00117,TVH,145TA9119
MMS-NE-00118,TVH,139TA7668
MMS-NE-00119,TVH,129TA9772
MMS-NE-00120,TVH,166TA8579
MMS-NE-00121,TVH,166TA8604
MMS-NE-00122,TVH,139TA7170
MMS-NE-00123,TVH,166TA8580
MMS-NE-00124,TVH,129TA9771
MMS-NE-00125,TVH,166TA8591
MMS-NE-00126,TVH,166TA8647
MMS-NE-00127,TVH,166TA8682
MMS-NE-00128,TVH,140TA8392
MMS-NE-00129,TVH,166TA8606
MMS-NE-00130,TVH,166TA8612
MMS-NE-00131,TVH,166TA8610
MMS-NE-00132,TVH,166TA8599
MMS-NE-00133,TVH,166TA8663
MMS-NE-00134,TVH,166TA8670
MMS-NE-00135,TVH,166TA8609
MMS-NE-00136,TVH,151TA2611
MMS-NE-00137,TVH,166TA8642
MMS-NE-00138,TVH,151TA2515
MMS-NE-00139,TVH,145TA9258
MMS-NE-00140,TVH,166TA8601
MMS-NE-00141,TVH,166TA8585
MMS-NE-00142,TVH,139TA7612
MMS-NE-00143,TVH,166TA8639
MMS-NE-00144,TVH,166TA8637
MMS-NE-00145,TVH,166TA8684
MMS-NE-00146,TVH,139TA7670
MMS-NE-00147,TVH,166TA8581
MMS-NE-00148,TVH,140TA6694
MMS-NE-00149,TVH,140TA7660
MMS-NE-00150,TVH,139TA7660
MMS-NE-00151,TVH,166TA8668
MMS-NE-00152,TVH,129TA9838
MMS-NE-00153,TVH,166TA8675
MMS-NE-00154,TVH,166TA8712
MMS-NE-00155,TVH,139TA7445
MMS-NE-00156,TVH,166TA8721
MMS-NE-00157,TVH,139TA6646
MMS-NE-00158,TVH,166TA8714
MMS-NE-00159,TVH,166TA8713
MMS-NE-00160,TVH,166TA6738
MMS-NE-00161,TVH,124TA4730
MMS-NE-00162,TVH,166TA8742
MMS-NE-00163,TVH,129TA9859
MMS-NE-00164,TVH,166TA8740
MMS-NE-00165,TVH,129TA9860
MMS-NE-00166,TVH,166TA8701
MMS-NE-00167,TVH,152TA3275
MMS-NE-00168,TVH,166TA8724
MMS-NE-00169,TVH,139TA6920
MMS-NE-00170,TVH,139TA4813
MMS-NE-00171,TVH,140TA7770
MMS-NE-00172,TVH,166TA8743
MMS-NE-00173,TVH,166TA8715
MMS-NE-00174,TVH,166TA8702
MMS-NE-00175,TVH,139TA7195
MMS-NE-00176,TVH,166TA8688
MMS-NE-00177,TVH,166TA8719
MMS-NE-00178,TVH,139TA9651
MMS-NE-00179,TVH,166TA8692
MMS-NE-00180,TVH,139TA7013
MMS-NE-00181,TVH,166TA6747
MMS-NE-00182,TVH,166TA8716
MMS-NE-00183,TVH,166TA8732
MMS-NE-00184,TVH,140TA1528
MMS-NE-00185,TVH,166TA8697
MMS-NE-00186,TVH,139TA7974
MMS-NE-00187,TVH,166TA8707
MMS-NE-00188,TVH,166TA6663
MMS-NE-00189,TVH,141TA7542
MMS-NE-00190,TVH,166TA8689
MMS-NE-00191,TVH,166TA8703
MMS-NE-00192,TVH,139TA7472
MMS-NE-00193,TVH,166TA8734
MMS-NE-00194,TVH,166TA8695
MMS-NE-00195,TVH,166TA8741
MMS-NE-00196,TVH,129TA9861
MMS-NE-00197,TVH,166TA6743
MMS-NE-00198,TVH,147TA4404
MMS-NE-00199,TVH,166TA6740
MMS-NE-00200,TVH,140TA1146
MMS-NE-00201,TVH,166TA8726
MMS-NE-00202,TVH,166TA8725
MMS-NE-00203,TVH,166TA6737
MMS-NE-00204,TVH,147TA4514
MMS-NE-00205,TVH,166TA8687
MMS-NE-00206,TVH,166TA6667
MMS-NE-00207,TVH,139TA9474
MMS-NE-00208,TVH,166TA8739
MMS-NE-00209,TVH,166TA8738
MMS-NE-00210,TVH,166TA8694
MMS-NE-00211,TVH,139TA6647
MMS-NE-00212,TVH,152TA5028
MMS-NE-00213,TVH,166TA8705
MMS-NE-00214,TVH,166TA8708
MMS-NE-00215,TVH,166TA8699
MMS-NE-00216,TVH,129TA9885
MMS-NE-00217,TVH,166TA8717
MMS-NE-00218,TVH,166TA8710
MMS-NE-00219,TVH,129TA9886
MMS-NE-00220,TVH,166TA8727
MMS-NE-00221,TVH,166TA8736
MMS-NE-00222,TVH,166TA8735
MMS-NE-00223,TVH,166TA8686
MMS-NE-00224,TVH,166TA8709
MMS-NE-00225,TVH,166TA8706
MMS-NE-00226,TVH,166TA8720
MMS-NE-00227,TVH,166TA8685
MMS-NE-00228,TVH,166TA8728
MMS-NE-00229,TVH,166TA8733
MMS-NE-00230,TVH,166TA8718
MMS-NE-00231,TVH,166TA8711
MMS-NE-00232,TVH,166TA8731
MMS-NE-00233,TVH,166TA8693
MMS-NE-00234,TVH,166TA8737
MMS-NE-00235,TVH,166TA8690
MMS-NE-00236,TVH,166TA8691
MMS-NE-00237,TVH,140TA7654
MMS-NE-00238,TVH,166TA8700
MMS-NE-00239,TVH,166TA8696
MMS-NE-00240,TVH,166TA8698
MMS-NE-00241,TVH,166TA8704
MMS-NE-00242,TVH,166TA8729
MMS-NE-00243,TVH,129TA9911
MMS-NE-00244,TVH,134TA9547
MMS-NE-00245,TVH,166TA8730
MMS-NE-00246,TVH,107TA3316
MMS-NE-00247,TVH,166TA8744
MMS-NE-00248,TVH,139TA8071
MMS-NE-00249,TVH,139TA6334
MMS-NE-00250,TVH,166TA8745
MMS-NE-00251,TVH,139TA7800
MMS-NE-00252,TVH,139TA8075
MMS-NE-00253,TVH,139TA8077
MMS-NE-00254,TVH,139TA6332
MMS-NE-00255,TVH,166TA8746
MMS-NE-00256,TVH,166TA8747
MMS-NE-00257,TVH,166TA8748
MMS-NE-00258,TVH,145TA9126
MMS-NE-00259,TVH,140TA1271
MMS-NE-00260,TVH,140TA1272
MMS-NE-00261,TVH,166TA8749
MMS-NE-00262,TVH,166TA8750
MMS-NE-00263,TVH,166TA8751
MMS-NE-00264,TVH,166TA8752
MMS-NE-00265,TVH,166TA8753
MMS-NE-00266,TVH,166TA8754
MMS-NE-00267,TVH,151TA2955
MMS-NE-00268,TVH,140TA7744
MMS-RD-00001,TVH,165TA4339
MMS-RD-00002,TVH,166TA6643
MMS-RD-00003,TVH,145TA9155
MMS-RD-00004,TVH,166TA6644
MMS-RD-00005,TVH,166TA6650
MMS-RD-00006,TVH,166TA6651
MMS-RD-00007,TVH,164TA6397
MMS-RD-00008,TVH,166TA6652
MMS-RD-00009,TVH,145TA7727
MMS-RD-00010,TVH,166TA6648
MMS-RD-00011,TVH,145TA9163
MMS-RD-00012,TVH,108TA4049
MMS-RD-00013,TVH,107TA3256
MMS-RD-00014,TVH,145TA9170
MMS-RD-00015,TVH,129TA9102
MMS-RD-00016,TVH,145TA9172
MMS-RD-00017,TVH,129TA9104
MMS-RD-00018,TVH,129TA9105
MMS-RD-00019,TVH,129TA9106
MMS-RD-00020,TVH,129TA9103
MMS-RD-00021,TVH,145TA9182
MMS-RD-00022,TVH,129TA9108
MMS-RD-00023,TVH,129TA9107
MMS-RD-00024,TVH,129TA9109
MMS-RD-00025,TVH,145TA9185
MMS-RD-00026,TVH,129TA9111
MMS-RD-00027,TVH,145TA9201
MMS-RD-00028,TVH,129TA9113
MMS-RD-00029,TVH,129TA9112
MMS-RD-00030,TVH,145TA9186
MMS-RD-00031,TVH,115TA6843
MMS-RD-00032,TVH,129TA9117
MMS-RD-00033,TVH,145TA9202
MMS-RD-00034,TVH,145TA9205
MMS-RD-00035,TVH,129TA9115
MMS-RD-00036,TVH,145TA9192
MMS-RD-00037,TVH,129TA5313
MMS-RD-00038,TVH,145TA9215
MMS-RD-00039,TVH,129TA9121
MMS-RD-00040,TVH,129TA9123
MMS-RD-00041,TVH,166TA6649
MMS-RD-00042,TVH,166TA6642
MMS-RD-00043,TVH,166TA6653
MMS-RD-00044,TVH,129TA9127
MMS-RD-00045,TVH,129TA9128
MMS-RD-00046,TVH,129TA9129
MMS-RD-00047,TVH,129TA9132
MMS-RD-00048,TVH,145TA9240
MMS-RD-00049,TVH,145TA9239
MMS-RD-00050,TVH,145TA9227
MMS-RD-00051,TVH,145TA9226
MMS-RD-00052,TVH,166TA6646
MMS-RD-00053,TVH,129TA9130
MMS-RD-00054,TVH,166TA6647
MMS-RD-00055,TVH,129TA9134
MMS-RD-00056,TVH,108TA4098
MMS-RD-00057,TVH,166TA6645
MMS-RD-00058,TVH,129TA9137
MMS-RD-00059,TVH,108TA8334
MMS-RD-00060,TVH,129TA9144
MMS-RG-00001,TVH,147TA4638
MMS-RG-00002,TVH,166TA6266
MMS-RG-00003,TVH,141TA7560
MMS-RG-00004,TVH,129TA9159
MMS-RG-00005,TVH,129TA9161
MMS-RG-00006,TVH,166TA6256
MMS-RG-00007,TVH,166TA6267
MMS-RG-00008,TVH,147TA4641
MMS-RG-00009,TVH,166TA6269
MMS-RG-00010,TVH,128TA4566
MMS-RG-00011,TVH,124TA1574
MMS-RG-00012,TVH,147TA4642
MMS-RG-00013,TVH,166TA6260
MMS-RG-00014,TVH,129TA9168
MMS-RG-00015,TVH,147TA4643
MMS-RG-00016,TVH,139TA1784
MMS-RG-00017,TVH,107TA2884
MMS-RG-00018,TVH,105TA2327
MMS-RG-00019,TVH,138TA4546
MMS-RG-00020,TVH,129TA9179
MMS-RG-00021,TVH,166TA6268
MMS-RG-00022,TVH,139TA5205
MMS-RG-00023,TVH,164TA1287
MMS-RG-00024,TVH,107TA6922
MMS-RG-00025,TVH,166TA6271
MMS-RG-00026,TVH,107TA2891
MMS-RG-00027,TVH,124TA1583
MMS-RG-00028,TVH,166TA6275
MMS-RG-00029,TVH,164TA8616
MMS-RG-00030,TVH,107TA2889
MMS-RG-00031,TVH,129TA9507
MMS-RG-00032,TVH,124TA6768
MMS-RG-00033,TVH,128TA4516
MMS-RG-00034,TVH,107TA2888
MMS-RG-00035,TVH,147TA4648
MMS-RG-00036,TVH,151TA2519
MMS-RG-00037,TVH,166TA6258
MMS-RG-00038,TVH,126TA5770
MMS-RG-00039,TVH,140TA1211
MMS-RG-00040,TVH,166TA6279
MMS-RG-00041,TVH,166TA6255
MMS-RG-00042,TVH,139TA1841
MMS-RG-00043,TVH,107TA2895
MMS-RG-00044,TVH,129TA9197
MMS-RG-00045,TVH,166TA6265
MMS-RG-00046,TVH,147TA4650
MMS-RG-00047,TVH,147TA4652
MMS-RG-00048,TVH,139TA8149
MMS-RG-00049,TVH,139TA7245
MMS-RG-00050,TVH,147TA4654
MMS-RG-00051,TVH,147TA4655
MMS-RG-00052,TVH,139TA1842
MMS-RG-00053,TVH,151TA2523
MMS-RG-00054,TVH,166TA6272
MMS-RG-00055,TVH,131TA9212
MMS-RG-00056,TVH,166TA6259
MMS-RG-00057,TVH,124TA6962
MMS-RG-00058,TVH,166TA6264
MMS-RG-00059,TVH,139TA6643
MMS-RG-00060,TVH,147TA4664
MMS-RG-00061,TVH,147TA4665
MMS-RG-00062,TVH,166TA6262
MMS-RG-00063,TVH,166TA6280
MMS-RG-00064,TVH,138TA7436
MMS-RG-00065,TVH,127TA2729
MMS-RG-00066,TVH,151TA2526
MMS-RG-00067,TVH,166TA6282
MMS-RG-00068,TVH,160TA3814
MMS-RG-00069,TVH,166TA6281
MMS-RG-00070,TVH,147TA4668
MMS-RG-00071,TVH,110TA8520
MMS-RG-00072,TVH,129TA9203
MMS-RG-00073,TVH,129TA9242
MMS-RG-00074,TVH,122TA8892
MMS-RG-00075,TVH,147TA4676
MMS-RG-00076,TVH,115TA5847
MMS-RG-00077,TVH,107TA2907
MMS-RG-00078,TVH,129TA9296
MMS-RG-00079,TVH,147TA4683
MMS-RG-00080,TVH,128TA4344
MMS-RG-00081,TVH,107TA7841
MMS-RG-00082,TVH,107TA2909
MMS-RG-00083,TVH,107TA7836
MMS-RG-00084,TVH,129TA9420
MMS-RG-00085,TVH,107TA3153
MMS-RG-00086,TVH,107TA6604
MMS-RG-00087,TVH,129TA9679
MMS-RG-00088,TVH,107TA3159
MMS-RG-00089,TVH,151TA2534
MMS-RG-00090,TVH,129TA9723
MMS-RG-00091,TVH,166TA6286
MMS-RG-00092,TVH,147TA4687
MMS-RG-00093,TVH,147TA4689
MMS-RG-00094,TVH,129TA5229
MMS-RG-00095,TVH,107TA2915
MMS-RG-00096,TVH,129TA9207
MMS-RG-00097,TVH,107TA2916
MMS-RG-00098,TVH,129TA9211
MMS-RG-00099,TVH,107TA2917
MMS-RG-00100,TVH,127TA2941
MMS-RG-00101,TVH,126TA6225
MMS-RG-00102,TVH,166TA6285
MMS-RG-00103,TVH,129TA5064
MMS-RG-00104,TVH,128TA4390
MMS-RG-00105,TVH,147TA4698
MMS-RG-00106,TVH,166TA6283
MMS-RG-00107,TVH,107TA2919
MMS-RG-00108,TVH,129TA9244
MMS-RG-00109,TVH,129TA9260
MMS-RG-00110,TVH,124TA6765
MMS-RG-00111,TVH,147TA4702
MMS-RG-00112,TVH,107TA6860
MMS-RG-00113,TVH,107TA2921
MMS-RG-00114,TVH,147TA4706
MMS-RG-00115,TVH,129TA9271
MMS-RG-00116,TVH,147TA4707
MMS-RG-00117,TVH,107TA2924
MMS-RG-00118,TVH,124TA5729
MMS-RG-00119,TVH,129TA9333
MMS-RG-00120,TVH,107TA2926
MMS-RG-00121,TVH,129TA9292
MMS-RG-00122,TVH,147TA4708
MMS-RG-00123,TVH,147TA4709
MMS-RG-00124,TVH,123TA9594
MMS-RG-00125,TVH,166TA6288
MMS-RG-00126,TVH,107TA6853
MMS-RG-00127,TVH,124TA8619
MMS-RG-00128,TVH,107TA2929
MMS-RG-00129,TVH,107TA2940
MMS-RG-00130,TVH,107TA6776
MMS-RG-00131,TVH,107TA2932
MMS-RG-00132,TVH,107TA2928
MMS-RG-00133,TVH,107TA2939
MMS-RG-00134,TVH,107TA2922
MMS-RG-00135,TVH,147TA4841
MMS-RG-00136,TVH,166TA6287
MMS-RG-00137,TVH,107TA2936
MMS-RG-00138,TVH,107TA2942
MMS-RG-00139,TVH,151TA2538
MMS-RG-00140,TVH,151TA2539
MMS-RG-00141,TVH,166TA6284
MMS-RG-00142,TVH,107TA6847
MMS-RG-00143,TVH,107TA6605
MMS-RG-00144,TVH,151TA2540
MMS-RG-00145,TVH,107TA6876
MMS-RG-00146,TVH,164TA8462
MMS-RG-00147,TVH,105TA4623
MMS-RG-00148,TVH,129TA9680
MMS-RG-00149,TVH,151TA2549
MMS-RG-00150,TVH,129TA9707
MMS-RG-00151,TVH,107TA3170
MMS-RG-00152,TVH,124TA9060
MMS-RG-00153,TVH,128TA4631
MMS-RG-00154,TVH,128TA4539
MMS-RG-00155,TVH,107TA3169
MMS-RG-00156,TVH,151TA2553
MMS-RG-00157,TVH,129TA9730
MMS-RG-00158,TVH,107TA3172
MMS-RG-00159,TVH,151TA2554
MMS-RG-00160,TVH,166TA6310
MMS-RG-00161,TVH,129TA9184
MMS-RG-00162,TVH,166TA6305
MMS-RG-00163,TVH,166TA6312
MMS-RG-00164,TVH,107TA2457
MMS-RG-00165,TVH,164TA6154
MMS-RG-00166,TVH,129TA9202
MMS-RG-00167,TVH,129TA9204
MMS-RG-00168,TVH,129TA9205
MMS-RG-00169,TVH,108TA8539
MMS-RG-00170,TVH,107TA2466
MMS-RG-00171,TVH,129TA9213
MMS-RG-00172,TVH,145TA7703
MMS-RG-00173,TVH,107TA2468
MMS-RG-00174,TVH,107TA2474
MMS-RG-00175,TVH,107TA2473
MMS-RG-00176,TVH,107TA2475
MMS-RG-00177,TVH,166TA6311
MMS-RG-00178,TVH,107TA2479
MMS-RG-00179,TVH,107TA2481
MMS-RG-00180,TVH,107TA2484
MMS-RG-00181,TVH,107TA2486
MMS-RG-00182,TVH,147TA4727
MMS-RG-00183,TVH,107TA2490
MMS-RG-00184,TVH,107TA2491
MMS-RG-00185,TVH,147TA4729
MMS-RG-00186,TVH,107TA2494
MMS-RG-00187,TVH,129TA9241
MMS-RG-00188,TVH,166TA6306
MMS-RG-00189,TVH,107TA2495
MMS-RG-00190,TVH,129TA9247
MMS-RG-00191,TVH,141TA1077
MMS-RG-00192,TVH,107TA2508
MMS-RG-00193,TVH,145TA7702
MMS-RG-00194,TVH,107TA6858
MMS-RG-00195,TVH,107TA2512
MMS-RG-00196,TVH,107TA2514
MMS-RG-00197,TVH,107TA2516
MMS-RG-00198,TVH,107TA2517
MMS-RG-00199,TVH,107TA2524
MMS-RG-00200,TVH,147TA4737
MMS-RG-00201,TVH,107TA6850
MMS-RG-00202,TVH,166TA6316
MMS-RG-00203,TVH,107TA2533
MMS-RG-00204,TVH,107TA2535
MMS-RG-00205,TVH,147TA4740
MMS-RG-00206,TVH,107TA2540
MMS-RG-00207,TVH,105TA4624
MMS-RG-00208,TVH,107TA2554
MMS-RG-00209,TVH,129TA9343
MMS-RG-00210,TVH,147TA4754
MMS-RG-00211,TVH,107TA2568
MMS-RG-00212,TVH,147TA4756
MMS-RG-00213,TVH,147TA4757
MMS-RG-00214,TVH,107TA2577
MMS-RG-00215,TVH,124TA6767
MMS-RG-00216,TVH,147TA4770
MMS-RG-00217,TVH,107TA2579
MMS-RG-00218,TVH,147TA4758
MMS-RG-00219,TVH,129TA9384
MMS-RG-00220,TVH,110TA8509
MMS-RG-00221,TVH,107TA2587
MMS-RG-00222,TVH,107TA2597
MMS-RG-00223,TVH,107TA2601
MMS-RG-00224,TVH,129TA9408
MMS-RG-00225,TVH,129TA9405
MMS-RG-00226,TVH,129TA9418
MMS-RG-00227,TVH,129TA9426
MMS-RG-00228,TVH,107TA2626
MMS-RG-00229,TVH,147TA4771
MMS-RG-00230,TVH,107TA2629
MMS-RG-00231,TVH,129TA9448
MMS-RG-00232,TVH,107TA2969
MMS-RG-00233,TVH,151TA2557
MMS-RG-00234,TVH,129TA9524
MMS-RG-00235,TVH,107TA2635
MMS-RG-00236,TVH,129TA9525
MMS-RG-00237,TVH,124TA6902
MMS-RG-00238,TVH,107TA2636
MMS-RG-00239,TVH,129TA9536
MMS-RG-00240,TVH,107TA2975
MMS-RG-00241,TVH,129TA9538
MMS-RG-00242,TVH,107TA2646
MMS-RG-00243,TVH,126TA6246
MMS-RG-00244,TVH,107TA2652
MMS-RG-00245,TVH,107TA2655
MMS-RG-00246,TVH,166TA6308
MMS-RG-00247,TVH,147TA4784
MMS-RG-00248,TVH,147TA4783
MMS-RG-00249,TVH,129TA9544
MMS-RG-00250,TVH,107TA2978
MMS-RG-00251,TVH,151TA2626
MMS-RG-00252,TVH,107TA2657
MMS-RG-00253,TVH,124TA6928
MMS-RG-00254,TVH,129TA9561
MMS-RG-00255,TVH,129TA9556
MMS-RG-00256,TVH,166TA6307
MMS-RG-00257,TVH,151TA2633
MMS-RG-00258,TVH,129TA9485
MMS-RG-00259,TVH,107TA2662
MMS-RG-00260,TVH,151TA2634
MMS-RG-00261,TVH,151TA2635
MMS-RG-00262,TVH,166TA6309
MMS-RG-00263,TVH,107TA2671
MMS-RG-00264,TVH,151TA2637
MMS-RG-00265,TVH,107TA2990
MMS-RG-00266,TVH,129TA9596
MMS-RG-00267,TVH,115TA5838
MMS-RG-00268,TVH,107TA2993
MMS-RG-00269,TVH,107TA2994
MMS-RG-00270,TVH,129TA9613
MMS-RG-00271,TVH,107TA2996
MMS-RG-00272,TVH,151TA2641
MMS-RG-00273,TVH,107TA2672
MMS-RG-00274,TVH,166TA6304
MMS-RG-00275,TVH,107TA2995
MMS-RG-00276,TVH,151TA2642
MMS-RG-00277,TVH,107TA2998
MMS-RG-00278,TVH,151TA2643
MMS-RG-00279,TVH,166TA6313
MMS-RG-00280,TVH,129TA9643
MMS-RG-00281,TVH,107TA3000
MMS-RG-00282,TVH,151TA2644
MMS-RG-00283,TVH,129TA9497
MMS-RG-00284,TVH,129TA9647
MMS-RG-00285,TVH,151TA2649
MMS-RG-00286,TVH,105TA4625
MMS-RG-00287,TVH,111TA1211
MMS-RG-00288,TVH,129TA9696
MMS-RG-00289,TVH,107TA3022
MMS-RG-00290,TVH,107TA3025
MMS-RG-00291,TVH,164TA8621
MMS-RG-00292,TVH,129TA9755
MMS-RG-00293,TVH,108TA3920
MMS-RG-00294,TVH,151TA2675
MMS-RG-00295,TVH,108TA8335
MMS-RG-00296,TVH,129TA9768
MMS-RG-00297,TVH,151TA2681
MMS-RG-00298,TVH,129TA9775
MMS-RG-00299,TVH,129TA9778
MMS-RG-00300,TVH,108TA8351
MMS-RG-00301,TVH,108TA8564
MMS-RG-00302,TVH,166TA6315
MMS-RG-00303,TVH,166TA6314
MMS-RG-00304,TVH,129TA9783
MMS-RG-00305,TVH,151TA2695
MMS-RG-00306,TVH,129TA9785
MMS-RG-00307,TVH,151TA2696
MMS-RG-00308,TVH,129TA9786
MMS-RG-00309,TVH,129TA9787
MMS-RG-00310,TVH,108TA3981
MMS-RG-00311,TVH,108TA3915
MMS-RG-00312,TVH,108TA3914
MMS-RG-00313,TVH,108TA3928
MMS-RG-00314,TVH,129TA9813
MMS-RG-00315,TVH,129TA9819
MMS-RG-00316,TVH,151TA2708
MMS-RG-00317,TVH,108TA3985
MMS-RG-00318,TVH,151TA2711
MMS-RG-00319,TVH,129TA9824
MMS-RG-00320,TVH,129TA9825
MMS-RG-00321,TVH,166TA6337
MMS-RG-00322,TVH,166TA6338
MMS-RG-00323,TVH,166TA6558
MMS-RG-00324,TVH,166TA6323
MMS-RG-00325,TVH,128TA4450
MMS-RG-00326,TVH,129TA9189
MMS-RG-00327,TVH,166TA6320
MMS-RG-00328,TVH,166TA6339
MMS-RG-00329,TVH,107TA2677
MMS-RG-00330,TVH,107TA2679
MMS-RG-00331,TVH,147TA4796
MMS-RG-00332,TVH,124TA6772
MMS-RG-00333,TVH,107TA2680
MMS-RG-00334,TVH,107TA2681
MMS-RG-00335,TVH,145TA7699
MMS-RG-00336,TVH,151TA2569
MMS-RG-00337,TVH,147TA4801
MMS-RG-00338,TVH,166TA6341
MMS-RG-00339,TVH,144TA6386
MMS-RG-00340,TVH,107TA2683
MMS-RG-00341,TVH,107TA2684
MMS-RG-00342,TVH,107TA2685
MMS-RG-00343,TVH,147TA4803
MMS-RG-00344,TVH,129TA9206
MMS-RG-00345,TVH,129TA9212
MMS-RG-00346,TVH,107TA2688
MMS-RG-00347,TVH,107TA2692
MMS-RG-00348,TVH,107TA2694
MMS-RG-00349,TVH,110TA8523
MMS-RG-00350,TVH,166TA6342
MMS-RG-00351,TVH,108TA8541
MMS-RG-00352,TVH,123TA8514
MMS-RG-00353,TVH,166TA6559
MMS-RG-00354,TVH,147TA4875
MMS-RG-00355,TVH,147TA4876
MMS-RG-00356,TVH,107TA6926
MMS-RG-00357,TVH,107TA6927
MMS-RG-00358,TVH,107TA6909
MMS-RG-00359,TVH,166TA6345
MMS-RG-00360,TVH,129TA9223
MMS-RG-00361,TVH,129TA5065
MMS-RG-00362,TVH,107TA2698
MMS-RG-00363,TVH,107TA2704
MMS-RG-00364,TVH,107TA2708
MMS-RG-00365,TVH,147TA4809
MMS-RG-00366,TVH,145TA7690
MMS-RG-00367,TVH,129TA9230
MMS-RG-00368,TVH,166TA6348
MMS-RG-00369,TVH,107TA2713
MMS-RG-00370,TVH,107TA2716
MMS-RG-00371,TVH,147TA4812
MMS-RG-00372,TVH,166TA6344
MMS-RG-00373,TVH,166TA6346
MMS-RG-00374,TVH,147TA4813
MMS-RG-00375,TVH,144TA2942
MMS-RG-00376,TVH,134TA9138
MMS-RG-00377,TVH,107TA2832
MMS-RG-00378,TVH,116TA5059
MMS-RG-00379,TVH,147TA4877
MMS-RG-00380,TVH,147TA4815
MMS-RG-00381,TVH,129TA9238
MMS-RG-00382,TVH,107TA2721
MMS-RG-00383,TVH,119TA9897
MMS-RG-00384,TVH,129TA9240
MMS-RG-00385,TVH,166TA6347
MMS-RG-00386,TVH,128TA4518
MMS-RG-00387,TVH,107TA2726
MMS-RG-00388,TVH,107TA2725
MMS-RG-00389,TVH,116TA5064
MMS-RG-00390,TVH,115TA5836
MMS-RG-00391,TVH,147TA4810
MMS-RG-00392,TVH,129TA9246
MMS-RG-00393,TVH,129TA9249
MMS-RG-00394,TVH,147TA4820
MMS-RG-00395,TVH,107TA2765
MMS-RG-00396,TVH,129TA9250
MMS-RG-00700,TVH,166TA6526
MMS-RG-00701,TVH,166TA6560
MMS-RG-00702,TVH,111TA1221
MMS-RG-00703,TVH,107TA3075
MMS-RG-00704,TVH,107TA3071
MMS-RG-00705,TVH,129TA9581
MMS-RG-00706,TVH,151TA2877
MMS-RG-00707,TVH,129TA9582
MMS-RG-00708,TVH,129TA9583
MMS-RG-00709,TVH,129TA9587
MMS-RG-00710,TVH,166TA6325
MMS-RG-00711,TVH,151TA2756
MMS-RG-00712,TVH,129TA9586
MMS-RG-00713,TVH,124TA6922
MMS-RG-00714,TVH,129TA9584
MMS-RG-00715,TVH,129TA9585
MMS-RG-00716,TVH,107TA3076
MMS-RG-00717,TVH,107TA3077
MMS-RG-00718,TVH,151TA2878
MMS-RG-00719,TVH,129TA9592
MMS-RG-00720,TVH,151TA2759
MMS-RG-00721,TVH,166TA6527
MMS-RG-00722,TVH,151TA2788
MMS-RG-00723,TVH,129TA9611
MMS-RG-00724,TVH,166TA6533
MMS-RG-00725,TVH,107TA3078
MMS-RG-00726,TVH,129TA9597
MMS-RG-00727,TVH,108TA4111
MMS-RG-00728,TVH,107TA3079
MMS-RG-00729,TVH,129TA9601
MMS-RG-00730,TVH,129TA9604
MMS-RG-00731,TVH,129TA9603
MMS-RG-00732,TVH,151TA2764
MMS-RG-00733,TVH,151TA2879
MMS-RG-00734,TVH,107TA3086
MMS-RG-00735,TVH,166TA6535
MMS-RG-00736,TVH,129TA9608
MMS-RG-00737,TVH,107TA3088
MMS-RG-00738,TVH,151TA2881
MMS-RG-00739,TVH,129TA9615
MMS-RG-00740,TVH,129TA9614
MMS-RG-00741,TVH,151TA2768
MMS-RG-00742,TVH,108TA8509
MMS-RG-00743,TVH,151TA2766
MMS-RG-00744,TVH,151TA2769
MMS-RG-00745,TVH,129TA9616
MMS-RG-00746,TVH,129TA9617
MMS-RG-00747,TVH,107TA3090
MMS-RG-00748,TVH,129TA9609
MMS-RG-00749,TVH,129TA9623
MMS-RG-00750,TVH,166TA6534
MMS-RG-00751,TVH,129TA9632
MMS-RG-00752,TVH,151TA2582
MMS-RG-00753,TVH,166TA6528
MMS-RG-00754,TVH,129TA9624
MMS-RG-00755,TVH,107TA3094
MMS-RG-00756,TVH,129TA9627
MMS-RG-00757,TVH,166TA6536
MMS-RG-00758,TVH,151TA2776
MMS-RG-00759,TVH,129TA9626
MMS-RG-00760,TVH,166TA6537
MMS-RG-00761,TVH,124TA6903
MMS-RG-00762,TVH,107TA3093
MMS-RG-00763,TVH,129TA9633
MMS-RG-00764,TVH,129TA9634
MMS-RG-00765,TVH,107TA3095
MMS-RG-00766,TVH,129TA9645
MMS-RG-00767,TVH,166TA6529
MMS-RG-00768,TVH,124TA6931
MMS-RG-00769,TVH,107TA3096
MMS-RG-00770,TVH,107TA3097
MMS-RG-00771,TVH,166TA6530
MMS-RG-00772,TVH,129TA9490
MMS-RG-00773,TVH,151TA2789
MMS-RG-00774,TVH,129TA9646
MMS-RG-00775,TVH,151TA2791
MMS-RG-00776,TVH,107TA3100
MMS-RG-00777,TVH,129TA9648
MMS-RG-00778,TVH,107TA3101
MMS-RG-00779,TVH,124TA8195
MMS-RG-00780,TVH,128TA4674
MMS-RG-00781,TVH,107TA6606
MMS-RG-00782,TVH,107TA3102
MMS-RG-00783,TVH,111TA1854
MMS-RG-00784,TVH,139TA9795
MMS-RG-00785,TVH,123TA8477
MMS-RG-00786,TVH,107TA6885
MMS-RG-00787,TVH,107TA6877
MMS-RG-00788,TVH,107TA3016
MMS-RG-00789,TVH,128TA4374
MMS-RG-00790,TVH,165TA5098
MMS-RG-00791,TVH,144TA6451
MMS-RG-00792,TVH,151TA2586
MMS-RG-00793,TVH,105TA4627
MMS-RG-00794,TVH,151TA2590
MMS-RG-00795,TVH,145TA2426
MMS-RG-00796,TVH,107TA3104
MMS-RG-00797,TVH,108TA8512
MMS-RG-00798,TVH,107TA3106
MMS-RG-00799,TVH,107TA3107
MMS-RG-00800,TVH,166TA6541
MMS-RG-00801,TVH,107TA3105
MMS-RG-00802,TVH,166TA6328
MMS-RG-00803,TVH,151TA2592
MMS-RG-00804,TVH,107TA3108
MMS-RG-00805,TVH,129TA9693
MMS-RG-00806,TVH,166TA6540
MMS-RG-00807,TVH,166TA6542
MMS-RG-00808,TVH,151TA2813
MMS-RG-00809,TVH,129TA9702
MMS-RG-00810,TVH,147TA4245
MMS-RG-00811,TVH,124TA6933
MMS-RG-00812,TVH,129TA9717
MMS-RG-00813,TVH,131TA5495
MMS-RG-00814,TVH,151TA2618
MMS-RG-00815,TVH,107TA3110
MMS-RG-00816,TVH,151TA2801
MMS-RG-00817,TVH,129TA9715
MMS-RG-00818,TVH,151TA2802
MMS-RG-00819,TVH,151TA2597
MMS-RG-00820,TVH,123TA9572
MMS-RG-00821,TVH,107TA3112
MMS-RG-00822,TVH,107TA3111
MMS-RG-00823,TVH,107TA3113
MMS-RG-00824,TVH,107TA3114
MMS-RG-00825,TVH,107TA3116
MMS-RG-00826,TVH,129TA9719
MMS-RG-00827,TVH,129TA9708
MMS-RG-00828,TVH,147TA4235
MMS-RG-00829,TVH,129TA9745
MMS-RG-00830,TVH,107TA3117
MMS-RG-00831,TVH,124TA6932
MMS-RG-00832,TVH,166TA6543
MMS-RG-00833,TVH,151TA2808
MMS-RG-00834,TVH,129TA9751
MMS-RG-00835,TVH,129TA9750
MMS-RG-00836,TVH,108TA3913
MMS-RG-00837,TVH,166TA6562
MMS-RG-00838,TVH,108TA8514
MMS-RG-00839,TVH,129TA9761
MMS-RG-00840,TVH,151TA2818
MMS-RG-00841,TVH,151TA2819
MMS-RG-00842,TVH,124TA6901
MMS-RG-00843,TVH,129TA9760
MMS-RG-00844,TVH,166TA6544
MMS-RG-00845,TVH,151TA2824
MMS-RG-00846,TVH,151TA2826
MMS-RG-00847,TVH,151TA2829
MMS-RG-00848,TVH,129TA9780
MMS-RG-00849,TVH,166TA6545
MMS-RG-00850,TVH,151TA2832
MMS-RG-00851,TVH,151TA2844
MMS-RG-00852,TVH,166TA6546
MMS-RG-00853,TVH,151TA2839
MMS-RG-00854,TVH,151TA2836
MMS-RG-00855,TVH,166TA6547
MMS-RG-00856,TVH,151TA2838
MMS-RG-00857,TVH,129TA9789
MMS-RG-00858,TVH,129TA9788
MMS-RG-00859,TVH,166TA6548
MMS-RG-00860,TVH,151TA2837
MMS-RG-00861,TVH,151TA2847
MMS-RG-00862,TVH,107TA3259
MMS-RG-00863,TVH,129TA9790
MMS-RG-00864,TVH,108TA3983
MMS-RG-00865,TVH,166TA6322
MMS-RG-00866,TVH,166TA6549
MMS-RG-00867,TVH,129TA9794
MMS-RG-00868,TVH,129TA9797
MMS-RG-00869,TVH,129TA9805
MMS-RG-00870,TVH,129TA9799
MMS-RG-00871,TVH,129TA9803
MMS-RG-00872,TVH,166TA6550
MMS-RG-00873,TVH,129TA9804
MMS-RG-00874,TVH,151TA2872
MMS-RG-00875,TVH,151TA2849
MMS-RG-00876,TVH,143TA7776
MMS-RG-00877,TVH,166TA6551
MMS-RG-00878,TVH,151TA2850
MMS-RG-00879,TVH,151TA2621
MMS-RG-00880,TVH,108TA8352
MMS-RG-00881,TVH,129TA9809
MMS-RG-00882,TVH,129TA9812
MMS-RG-00883,TVH,166TA6552
MMS-RG-00884,TVH,166TA6553
MMS-RG-00885,TVH,151TA2857
MMS-RG-00886,TVH,108TA8329
MMS-RG-00887,TVH,108TA3996
MMS-RG-00888,TVH,108TA8345
MMS-RG-00889,TVH,129TA9823
MMS-RG-00890,TVH,166TA6561
MMS-RG-00891,TVH,151TA2858
MMS-RG-00892,TVH,151TA2860
MMS-RG-00893,TVH,151TA2859
MMS-RG-00894,TVH,129TA9829
MMS-RG-00895,TVH,129TA9831
MMS-RG-00896,TVH,151TA2864
MMS-RG-00897,TVH,129TA9834
MMS-RG-00898,TVH,151TA2863
MMS-RG-00899,TVH,151TA2866
MMS-RG-00900,TVH,151TA2868
MMS-RG-00901,TVH,151TA2869
MMS-RG-00902,TVH,166TA6349
MMS-RG-00903,TVH,107TA2874
MMS-RG-00904,TVH,166TA6504
MMS-RG-00905,TVH,124TA6953
MMS-RG-00906,TVH,107TA6744
MMS-RG-00907,TVH,124TA9152
MMS-RG-00908,TVH,107TA6621
MMS-RG-00909,TVH,166TA6580
MMS-RG-00910,TVH,106TA7045
MMS-RG-00911,TVH,166TA6578
MMS-RG-00912,TVH,147TA4956
MMS-RG-00913,TVH,166TA6579
MMS-RG-00914,TVH,147TA4957
MMS-RG-00915,TVH,129TA9176
MMS-RG-00916,TVH,129TA9196
MMS-RG-00917,TVH,166TA6583
MMS-RG-00918,TVH,166TA6582
MMS-RG-00919,TVH,166TA6581
MMS-RG-00920,TVH,129TA9171
MMS-RG-00921,TVH,104TA2404
MMS-RG-00922,TVH,124TA6936
MMS-RG-00923,TVH,129TA9233
MMS-RG-00924,TVH,107TA6775
MMS-RG-00925,TVH,129TA9262
MMS-RG-00926,TVH,124TA5720
MMS-RG-00927,TVH,147TA4969
MMS-RG-00928,TVH,129TA9316
MMS-RG-00929,TVH,147TA4970
MMS-RG-00930,TVH,123TA6149
MMS-RG-00931,TVH,129TA9335
MMS-RG-00932,TVH,107TA6666
MMS-RL-00001,TVH,145TA8414
MMS-RL-00002,TVH,145TA8415
MMS-RL-00003,TVH,145TA8416
MMS-RL-00004,TVH,145TA8417
MMS-RL-00005,TVH,145TA8418
MMS-RL-00006,TVH,145TA8419
MMS-RL-00007,TVH,145TA8420
MMS-RL-00008,TVH,106TA6785
MMS-RL-00009,TVH,107TA3174
MMS-RL-00010,TVH,145TA8421
MMS-RL-00011,TVH,145TA8422
MMS-RL-00012,TVH,107TA3178
MMS-RL-00013,TVH,107TA3177
MMS-RL-00014,TVH,107TA3179
MMS-RL-00015,TVH,145TA8423
MMS-RL-00016,TVH,145TA8424
MMS-RL-00017,TVH,145TA8425
MMS-RL-00018,TVH,145TA8426
MMS-RL-00019,TVH,151TA3875
MMS-RL-00020,TVH,145TA8427
MMS-RL-00021,TVH,145TA8428
MMS-RL-00022,TVH,145TA8429
MMS-RL-00023,TVH,116TA2571
MMS-RL-00024,TVH,145TA8430
MMS-RL-00025,TVH,145TA8431
MMS-RL-00026,TVH,145TA8432
MMS-RL-00027,TVH,145TA8433
MMS-RL-00028,TVH,143TA3832
MMS-RL-00029,TVH,145TA8434
MMS-RL-00030,TVH,145TA8435
MMS-RL-00031,TVH,145TA8436
MMS-RL-00032,TVH,145TA8437
MMS-RL-00033,TVH,145TA8438
MMS-RL-00034,TVH,145TA8439
MMS-RL-00035,TVH,145TA8440
MMS-RL-00036,TVH,145TA8441
MMS-RL-00037,TVH,145TA8442
MMS-RL-00038,TVH,107TA3181
MMS-RL-00039,TVH,107TA6675
MMS-RL-00040,TVH,107TA6598
MMS-RL-00041,TVH,145TA8443
MMS-RL-00042,TVH,145TA8444
MMS-RL-00043,TVH,145TA8445
MMS-RM-00001,TVH,107TA3269
MMS-RM-00002,TVH,107TA3268
MMS-RM-00003,TVH,108TA8339
MMS-RM-00004,TVH,129TA8913
MMS-RM-00010,TVH,129TA8928
MMS-RM-00011,TVH,129TA8929
MMS-RM-00012,TVH,147TA2772
MMS-RM-00013,TVH,107TA3272
MMS-RM-00014,TVH,107TA3271
MMS-RM-00015,TVH,108TA4107
MMS-RM-00016,TVH,129TA8931
MMS-RM-00017,TVH,105TA4635
MMS-RM-00018,TVH,116TA5160
MMS-RM-00019,TVH,107TA3273
MMS-RM-00020,TVH,116TA5198
MMS-RM-00021,TVH,129TA8930
MMS-RM-00022,TVH,129TA8924
MMS-RM-00023,TVH,108TA3909
MMS-RM-00024,TVH,108TA4066
MMS-RM-00025,TVH,147TA2766
MMS-RM-00026,TVH,129TA8935
MMS-RM-00027,TVH,108TA3975
MMS-RM-00028,TVH,129TA8941
MMS-RM-00029,TVH,129TA8937
MMS-RM-00030,TVH,147TA2780
MMS-RM-00031,TVH,147TA2778
MMS-RM-00032,TVH,115TA5825
MMS-RM-00033,TVH,147TA2756
MMS-RM-00034,TVH,147TA2757
MMS-RM-00035,TVH,108TA3976
MMS-RM-00036,TVH,165TA4337
MMS-RM-00037,TVH,129TA8940
MMS-RM-00038,TVH,164TA7729
MMS-RM-00039,TVH,165TA3947
MMS-RM-00040,TVH,161TA2719
MMS-RM-00041,TVH,129TA8981
MMS-RM-00042,TVH,166TA7945
MMS-RM-00043,TVH,111TA1213
MMS-RM-00044,TVH,147TA2847
MMS-RM-00045,TVH,129TA8984
MMS-RM-00046,TVH,128TA4340
MMS-RM-00047,TVH,129TA8988
MMS-RM-00048,TVH,107TA3244
MMS-RM-00049,TVH,116TA5068
MMS-RM-00050,TVH,129TA8989
MMS-RM-00051,TVH,147TA2848
MMS-RM-00052,TVH,129TA8991
MMS-RM-00053,TVH,129TA8990
MMS-RM-00054,TVH,166TA6635
MMS-RM-00055,TVH,166TA7946
MMS-RM-00056,TVH,129TA8954
MMS-RM-00057,TVH,129TA8955
MMS-RM-00058,TVH,108TA8608
MMS-RM-00059,TVH,166TA7947
MMS-RM-00060,TVH,166TA7948
MMS-RM-00061,TVH,166TA7949
MMS-RM-00062,TVH,147TA2813
MMS-RM-00063,TVH,147TA2812
MMS-RM-00064,TVH,166TA7950
MMS-RM-00065,TVH,166TA7951
MMS-RM-00066,TVH,147TA2814
MMS-RM-00067,TVH,166TA7952
MMS-RM-00068,TVH,147TA2818
MMS-RM-00069,TVH,147TA2815
MMS-RM-00070,TVH,166TA7953
MMS-RM-00071,TVH,166TA7954
MMS-RM-00072,TVH,166TA7955
MMS-RM-00073,TVH,147TA2821
MMS-RM-00074,TVH,108TA3943
MMS-RM-00075,TVH,129TA8958
MMS-RM-00076,TVH,129TA8965
MMS-RM-00077,TVH,166TA7956
MMS-RM-00078,TVH,129TA8961
MMS-RM-00079,TVH,129TA8959
MMS-RM-00080,TVH,147TA2816
MMS-RM-00081,TVH,129TA8960
MMS-RM-00082,TVH,107TA3246
MMS-RM-00083,TVH,166TA7957
MMS-RM-00084,TVH,166TA7958
MMS-RM-00085,TVH,129TA8993
MMS-RM-00086,TVH,129TA8995
MMS-RM-00087,TVH,129TA8996
MMS-RM-00088,TVH,129TA8992
MMS-RM-00089,TVH,166TA7934
MMS-RM-00090,TVH,147TA2851
MMS-RM-00091,TVH,147TA2809
MMS-RM-00092,TVH,111TA1324
MMS-RM-00093,TVH,129TA8963
MMS-RM-00094,TVH,129TA8962
MMS-RM-00095,TVH,107TA3245
MMS-RM-00096,TVH,147TA2807
MMS-RM-00097,TVH,129TA8964
MMS-RM-00098,TVH,129TA8957
MMS-RM-00099,TVH,108TA8355
MMS-RM-00100,TVH,147TA2805
MMS-RM-00101,TVH,166TA7939
MMS-RM-00102,TVH,147TA2811
MMS-RM-00103,TVH,147TA2804
MMS-RM-00104,TVH,147TA2803
MMS-RM-00105,TVH,108TA8610
MMS-RM-00106,TVH,147TA2825
MMS-RM-00107,TVH,147TA2824
MMS-RM-00108,TVH,147TA2820
MMS-RM-00109,TVH,147TA2822
MMS-RM-00110,TVH,129TA8970
MMS-RM-00111,TVH,129TA8972
MMS-RM-00112,TVH,129TA8956
MMS-RM-00113,TVH,108TA8611
MMS-RM-00114,TVH,147TA2823
MMS-RM-00115,TVH,129TA8971
MMS-RM-00116,TVH,108TA8609
MMS-RM-00117,TVH,129TA8969
MMS-RM-00118,TVH,108TA8628
MMS-RM-00119,TVH,147TA2791
MMS-RM-00120,TVH,147TA2792
MMS-RM-00121,TVH,108TA3990
MMS-RM-00122,TVH,166TA7959
MMS-RM-00123,TVH,147TA2831
MMS-RM-00124,TVH,129TA8947
MMS-RM-00125,TVH,129TA8948
MMS-RM-00126,TVH,115TA5828
MMS-RM-00127,TVH,108TA3991
MMS-RM-00128,TVH,129TA8976
MMS-RM-00129,TVH,147TA2829
MMS-RM-00130,TVH,129TA8974
MMS-RM-00131,TVH,129TA9001
MMS-RM-00132,TVH,129TA9000
MMS-RM-00133,TVH,129TA9003
MMS-RM-00134,TVH,129TA9002
MMS-RM-00135,TVH,147TA2833
MMS-RM-00136,TVH,166TA7960
MMS-RM-00137,TVH,166TA7961
MMS-RM-00138,TVH,116TA5254
MMS-RM-00139,TVH,147TA2832
MMS-RM-00140,TVH,116TA5253
MMS-RM-00141,TVH,108TA8592
MMS-RM-00142,TVH,147TA2834
MMS-RM-00143,TVH,147TA2835
MMS-RM-00144,TVH,108TA8347
MMS-RM-00145,TVH,147TA2855
MMS-RM-00146,TVH,108TA4075
MMS-RM-00147,TVH,111TA1265
MMS-RM-00148,TVH,166TA7962
MMS-RM-00149,TVH,166TA7963
MMS-RM-00150,TVH,166TA7964
MMS-RM-00151,TVH,166TA7965
MMS-RM-00152,TVH,166TA7966
MMS-RM-00153,TVH,108TA3927
MMS-RM-00154,TVH,147TA2856
MMS-RM-00155,TVH,129TA9008
MMS-RM-00156,TVH,147TA2857
MMS-RM-00157,TVH,166TA7967
MMS-RM-00158,TVH,129TA9010
MMS-RM-00159,TVH,129TA9011
MMS-RM-00160,TVH,129TA9009
MMS-RM-00161,TVH,166TA7968
MMS-RM-00162,TVH,147TA2874
MMS-RM-00163,TVH,108TA4030
MMS-RM-00164,TVH,147TA2863
MMS-RM-00165,TVH,111TA1259
MMS-RM-00166,TVH,147TA2862
MMS-RM-00167,TVH,108TA4092
MMS-RM-00168,TVH,129TA9013
MMS-RM-00169,TVH,129TA9014
MMS-RM-00170,TVH,108TA4095
MMS-RM-00171,TVH,107TA3270
MMS-RM-00172,TVH,129TA9019
MMS-RM-00173,TVH,166TA7937
MMS-RM-00174,TVH,166TA7969
MMS-RM-00175,TVH,166TA7970
MMS-RM-00176,TVH,147TA2898
MMS-RM-00177,TVH,129TA9024
MMS-RM-00178,TVH,147TA2903
MMS-RM-00179,TVH,147TA2904
MMS-RM-00180,TVH,147TA2902
MMS-RM-00181,TVH,129TA9022
MMS-RM-00182,TVH,147TA2899
MMS-RM-00183,TVH,129TA9023
MMS-RM-00184,TVH,129TA9025
MMS-RM-00185,TVH,166TA7971
MMS-RM-00186,TVH,107TA3251
MMS-RM-00187,TVH,129TA9026
MMS-RM-00188,TVH,108TA8317
MMS-RM-00189,TVH,166TA7972
MMS-RM-00190,TVH,147TA2876
MMS-RM-00191,TVH,129TA9031
MMS-RM-00192,TVH,147TA2795
MMS-RM-00193,TVH,129TA8952
MMS-RM-00194,TVH,129TA8951
MMS-RM-00195,TVH,166TA7973
MMS-RM-00196,TVH,147TA2794
MMS-RM-00197,TVH,147TA2878
MMS-RM-00198,TVH,147TA2879
MMS-RM-00199,TVH,111TA1260
MMS-RM-00200,TVH,147TA2883
MMS-RM-00201,TVH,129TA9033
MMS-RM-00202,TVH,108TA4094
MMS-RM-00203,TVH,108TA8596
MMS-RM-00204,TVH,166TA7974
MMS-RM-00205,TVH,115TA5845
MMS-RM-00206,TVH,166TA7975
MMS-RM-00207,TVH,166TA7976
MMS-RM-00208,TVH,108TA8591
MMS-RM-00209,TVH,129TA9037
MMS-RM-00210,TVH,108TA8340
MMS-RM-00211,TVH,147TA2889
MMS-RM-00212,TVH,129TA9039
MMS-RM-00213,TVH,129TA9125
MMS-RM-00214,TVH,147TA2797
MMS-RM-00215,TVH,108TA4126
MMS-RM-00216,TVH,108TA4101
MMS-RM-00217,TVH,164TA1344
MMS-RM-00218,TVH,165TA4502
MMS-RM-00219,TVH,147TA2895
MMS-RM-00220,TVH,147TA2854
MMS-RM-00221,TVH,151TA2325
MMS-RM-00222,TVH,147TA2893
MMS-RM-00223,TVH,108TA8603
MMS-RM-00224,TVH,108TA4117
MMS-RM-00225,TVH,108TA3924
MMS-RM-00226,TVH,129TA9041
MMS-RM-00227,TVH,166TA7935
MMS-RM-00228,TVH,147TA2896
MMS-RM-00229,TVH,165TA4338
MMS-RM-00230,TVH,126TA5139
MMS-RM-00231,TVH,126TA5936
MMS-RM-00232,TVH,107TA3235
MMS-RM-00233,TVH,166TA7932
MMS-RM-00234,TVH,126TA5939
MMS-RM-00235,TVH,141TA4897
MMS-RM-00236,TVH,166TA7977
MMS-RM-00237,TVH,129TA9006
MMS-RM-00238,TVH,151TA2438
MMS-RM-00239,TVH,147TA2905
MMS-RM-00240,TVH,150TA9693
MMS-RM-00241,TVH,147TA2909
MMS-RM-00242,TVH,166TA3260
MMS-RM-00243,TVH,163TA8298
MMS-RM-00244,TVH,129TA9060
MMS-RM-00245,TVH,115TA5851
MMS-RM-00246,TVH,108TA4050
MMS-RM-00247,TVH,108TA4096
MMS-RM-00248,TVH,147TA2920
MMS-RM-00249,TVH,166TA7938
MMS-RM-00250,TVH,129TA9070
MMS-RM-00251,TVH,129TA9068
MMS-RM-00252,TVH,108TA8349
MMS-RM-00253,TVH,129TA9069
MMS-RM-00254,TVH,108TA8341
MMS-RM-00255,TVH,107TA3236
MMS-RM-00256,TVH,107TA3239
MMS-RM-00257,TVH,111TA1856
MMS-RM-00258,TVH,108TA4087
MMS-RM-00259,TVH,108TA8570
MMS-RM-00260,TVH,108TA8346
MMS-RM-00261,TVH,108TA8622
MMS-RM-00262,TVH,108TA3958
MMS-RM-00263,TVH,108TA8573
MMS-RM-00264,TVH,129TA9052
MMS-RM-00265,TVH,129TA9075
MMS-RM-00266,TVH,147TA2926
MMS-RM-00267,TVH,108TA8348
MMS-RM-00268,TVH,147TA2929
MMS-RM-00269,TVH,166TA3259
MMS-RM-00270,TVH,163TA8385
MMS-RM-00271,TVH,166TA6633
MMS-RM-00272,TVH,108TA3931
MMS-RM-00273,TVH,129TA9086
MMS-RM-00274,TVH,108TA4055
MMS-RM-00275,TVH,147TA2948
MMS-RM-00276,TVH,108TA8338
MMS-RM-00277,TVH,108TA8630
MMS-RM-00278,TVH,147TA2950
MMS-RM-00279,TVH,147TA2952
MMS-RM-00280,TVH,107TA3234
MMS-RM-00281,TVH,129TA9097
MMS-RM-00282,TVH,129TA9090
MMS-RM-00283,TVH,147TA2955
MMS-RM-00284,TVH,147TA2956
MMS-RM-00285,TVH,108TA4138
MMS-RM-00286,TVH,108TA4121
MMS-RM-00287,TVH,166TA7942
MMS-RM-00288,TVH,129TA9098
MMS-RM-00289,TVH,129TA9095
MMS-RM-00290,TVH,108TA3984
MMS-RM-00291,TVH,108TA3923
MMS-RM-00292,TVH,143TA7775
MMS-RM-00293,TVH,166TA7941
MMS-RM-00294,TVH,147TA2960
MMS-RM-00295,TVH,147TA2963
MMS-RM-00296,TVH,147TA2964
MMS-RM-00297,TVH,147TA2965
MMS-RM-00298,TVH,147TA2969
MMS-RM-00299,TVH,147TA2967
MMS-RM-00300,TVH,147TA2961
MMS-RM-00301,TVH,147TA2943
MMS-RM-00302,TVH,147TA2944
MMS-RM-00303,TVH,147TA2946
MMS-RM-00304,TVH,166TA6634
MMS-RM-00305,TVH,129TA9119
MMS-RM-00306,TVH,108TA8595
MMS-RM-00307,TVH,129TA9118
MMS-RM-00308,TVH,147TA2768
MMS-RM-00309,TVH,166TA7936
MMS-RM-00310,TVH,147TA2973
MMS-RM-00311,TVH,108TA8356
MMS-RM-00312,TVH,108TA8582
MMS-RM-00313,TVH,128TA3435
MMS-RM-00314,TVH,165TA4341
MMS-RM-00315,TVH,128TA3434
MMS-RM-00316,TVH,147TA2982
MMS-RM-00317,TVH,115TA6909
MMS-RM-00318,TVH,147TA2983
MMS-RM-00319,TVH,129TA9133
MMS-RM-00320,TVH,147TA2984
MMS-RO-00001,TVH,164TA9989
MMS-RO-00002,TVH,166TA6736
MMS-RO-00003,TVH,166TA6668
MMS-RO-00004,TVH,166TA6669
MMS-RO-00005,TVH,166TA6754
MMS-RO-00006,TVH,164TA9205
MMS-RO-00007,TVH,129TA9888
MMS-RO-00008,TVH,129TA9887
MMS-RO-00009,TVH,147TA4413
MMS-RO-00010,TVH,147TA4406
MMS-RO-00011,TVH,166TA6759
MMS-RO-00012,TVH,108TA8585
MMS-RO-00013,TVH,166TA6768
MMS-RO-00014,TVH,129TA9891
MMS-RO-00015,TVH,147TA4412
MMS-RO-00016,TVH,129TA9892
MMS-RO-00017,TVH,147TA4408
MMS-RO-00018,TVH,147TA4405
MMS-RO-00019,TVH,129TA9893
MMS-RO-00020,TVH,129TA9894
MMS-RO-00021,TVH,166TA6772
MMS-RO-00022,TVH,166TA6761
MMS-RO-00023,TVH,166TA6774
MMS-RO-00024,TVH,166TA6770
MMS-RO-00025,TVH,106TA6797
MMS-RO-00026,TVH,147TA4430
MMS-RO-00027,TVH,116TA5032
MMS-RO-00028,TVH,147TA4431
MMS-RO-00029,TVH,139TA5030
MMS-RO-00030,TVH,147TA4426
MMS-RO-00031,TVH,166TA6763
MMS-RO-00032,TVH,147TA4505
MMS-RO-00033,TVH,147TA4435
MMS-RO-00034,TVH,129TA9906
MMS-RO-00035,TVH,147TA4432
MMS-RO-00036,TVH,166TA6773
MMS-RO-00037,TVH,161TA1920
MMS-RO-00038,TVH,139TA1840
MMS-RO-00039,TVH,127TA2971
MMS-RO-00040,TVH,166TA6777
MMS-RO-00041,TVH,147TA4438
MMS-RO-00042,TVH,129TA9913
MMS-RO-00043,TVH,129TA9912
MMS-RO-00044,TVH,147TA4468
MMS-RO-00045,TVH,166TA6666
MMS-RO-00046,TVH,115TA5831
MMS-RO-00047,TVH,166TA6735
MMS-RO-00048,TVH,147TA4442
MMS-RO-00049,TVH,129TA9924
MMS-RO-00050,TVH,147TA4449
MMS-RO-00051,TVH,129TA9916
MMS-RO-00052,TVH,147TA4445
MMS-RO-00053,TVH,166TA6762
MMS-RO-00054,TVH,107TA3333
MMS-RO-00055,TVH,108TA8323
MMS-RO-00056,TVH,108TA8620
MMS-RO-00057,TVH,166TA6670
MMS-RO-00058,TVH,129TA9918
MMS-RO-00059,TVH,147TA4448
MMS-RO-00060,TVH,147TA4451
MMS-RO-00061,TVH,147TA4453
MMS-RO-00062,TVH,129TA9932
MMS-RO-00063,TVH,151TA3489
MMS-RO-00064,TVH,151TA3485
MMS-RO-00065,TVH,129TA9937
MMS-RO-00066,TVH,129TA8545
MMS-RO-00067,TVH,166TA6750
MMS-RO-00068,TVH,166TA6776
MMS-RO-00069,TVH,147TA4490
MMS-RO-00070,TVH,147TA4491
MMS-RO-00071,TVH,166TA6665
MMS-RO-00072,TVH,166TA6765
MMS-RO-00073,TVH,147TA4494
MMS-RO-00074,TVH,166TA6751
MMS-RO-00075,TVH,147TA4467
MMS-RO-00076,TVH,147TA4497
MMS-RO-00077,TVH,147TA4499
MMS-RO-00078,TVH,139TA4823
MMS-RO-00079,TVH,139TA4822
MMS-RO-00080,TVH,166TA6767
MMS-RO-00081,TVH,108TA8584
MMS-RO-00082,TVH,108TA8593
MMS-RO-00083,TVH,147TA4501
MMS-RO-00084,TVH,166TA6741
MMS-RO-00085,TVH,166TA6739
MMS-RO-00086,TVH,166TA6745
MMS-RO-00087,TVH,166TA6742
MMS-RO-00088,TVH,164TA6139
MMS-RO-00089,TVH,127TA3009
MMS-RO-00090,TVH,166TA6753
MMS-RO-00091,TVH,166TA6769
MMS-RO-00092,TVH,166TA6757
MMS-RO-00093,TVH,166TA6775
MMS-RO-00094,TVH,147TA4492
MMS-RO-00095,TVH,147TA4479
MMS-RO-00096,TVH,166TA6778
MMS-RO-00097,TVH,166TA6771
MMS-RO-00098,TVH,129TA9858
MMS-RO-00099,TVH,166TA6756
MMS-RO-00100,TVH,166TA6755
MMS-RO-00101,TVH,166TA6748
MMS-RO-00102,TVH,108TA8614
MMS-RO-00103,TVH,139TA4819
MMS-RO-00104,TVH,129TA9868
MMS-RO-00105,TVH,139TA4817
MMS-RO-00106,TVH,115TA5830
MMS-RO-00107,TVH,139TA4820
MMS-RO-00108,TVH,111TA1347
MMS-RO-00109,TVH,147TA4463
MMS-RO-00110,TVH,129TA9872
MMS-RO-00111,TVH,147TA4465
MMS-RO-00112,TVH,147TA4464
MMS-RO-00113,TVH,116TA5069
MMS-RO-00114,TVH,129TA9874
MMS-RO-00115,TVH,129TA9875
MMS-RO-00116,TVH,129TA9877
MMS-RO-00117,TVH,147TA4470
MMS-RO-00118,TVH,166TA6734
MMS-RO-00119,TVH,129TA9876
MMS-RO-00120,TVH,139TA4830
MMS-RO-00121,TVH,166TA6758
MMS-RO-00122,TVH,147TA4471
MMS-RO-00123,TVH,107TA3258
MMS-RO-00124,TVH,139TA4829
MMS-RO-00125,TVH,115TA5827
MMS-RO-00126,TVH,139TA4815
MMS-RO-00127,TVH,147TA4477
MMS-RO-00128,TVH,166TA6766
MMS-RO-00129,TVH,147TA4482
MMS-RO-00130,TVH,147TA4481
MMS-RO-00131,TVH,147TA4483
MMS-RO-00132,TVH,139TA4832
MMS-RO-00133,TVH,147TA4485
MMS-RO-00134,TVH,166TA6760
MMS-RO-00135,TVH,147TA4513
MMS-RO-00136,TVH,129TA9921
MMS-RO-00137,TVH,166TA6664
MMS-RO-00138,TVH,166TA6744
MMS-RO-00139,TVH,166TA6752
MMS-RO-00140,TVH,147TA4473
MMS-RO-00141,TVH,166TA6764
MMS-RO-00142,TVH,147TA4474
MMS-RO-00143,TVH,166TA6746
MMS-RO-00144,TVH,147TA4452
MMS-RO-00145,TVH,166TA8351
MMS-RO-00146,TVH,166TA8355
MMS-RO-00147,TVH,166TA8359
MMS-RO-00148,TVH,166TA8352
MMS-RO-00149,TVH,166TA8356
MMS-RO-00150,TVH,166TA8360
MMS-RO-00151,TVH,166TA8353
MMS-RO-00152,TVH,166TA8357
MMS-RO-00153,TVH,166TA8361
MMS-RO-00154,TVH,166TA8354
MMS-RO-00155,TVH,166TA8358
MMS-RO-00156,TVH,166TA8362
MMS-RO-00157,TVH,166TA8363
MMS-RO-00158,TVH,166TA8367
MMS-RO-00159,TVH,166TA8371
MMS-RO-00160,TVH,166TA8364
MMS-RO-00161,TVH,166TA8368
MMS-RO-00162,TVH,166TA8372
MMS-RO-00163,TVH,166TA8365
MMS-RO-00164,TVH,166TA8369
MMS-RO-00165,TVH,166TA8373
MMS-RO-00166,TVH,166TA8366
MMS-RO-00167,TVH,166TA8370
MMS-RO-00168,TVH,166TA8374
MMS-RO-00169,TVH,166TA8375
MMS-RO-00170,TVH,166TA8380
MMS-RO-00171,TVH,166TA8385
MMS-RO-00172,TVH,166TA8376
MMS-RO-00173,TVH,166TA8381
MMS-RO-00174,TVH,166TA8386
MMS-RO-00175,TVH,166TA8377
MMS-RO-00176,TVH,166TA8382
MMS-RO-00177,TVH,166TA8387
MMS-RO-00178,TVH,166TA8378
MMS-RO-00179,TVH,166TA8383
MMS-RO-00180,TVH,166TA8388
MMS-RO-00181,TVH,166TA8379
MMS-RO-00182,TVH,166TA8384
MMS-RO-00183,TVH,166TA8389
MMS-RO-00184,TVH,166TA8390
MMS-RO-00185,TVH,166TA8395
MMS-RO-00186,TVH,166TA8399
MMS-RO-00187,TVH,166TA8391
MMS-RO-00188,TVH,166TA8396
MMS-RO-00189,TVH,166TA8400
MMS-RO-00190,TVH,166TA8392
MMS-RO-00191,TVH,166TA8397
MMS-RO-00192,TVH,166TA8401
MMS-RO-00193,TVH,166TA8393
MMS-RO-00194,TVH,166TA8398
MMS-RO-00195,TVH,166TA8402
MMS-RO-00196,TVH,166TA8394
MMS-RO-00197,TVH,166TA8403
MMS-RO-00198,TVH,166TA8404
MMS-RO-00199,TVH,166TA8406
MMS-RO-00200,TVH,166TA8408
MMS-RO-00201,TVH,166TA8405
MMS-RO-00202,TVH,166TA8407
MMS-RO-00203,TVH,166TA8409
MMS-RO-00204,TVH,166TA8416
MMS-RO-00205,TVH,166TA8410
MMS-RO-00206,TVH,166TA8413
MMS-RO-00207,TVH,166TA8417
MMS-RO-00208,TVH,166TA8411
MMS-RO-00209,TVH,166TA8414
MMS-RO-00210,TVH,166TA8418
MMS-RO-00211,TVH,166TA8412
MMS-RO-00212,TVH,166TA8415
MMS-RO-00213,TVH,166TA8419
MMS-RO-00214,TVH,107TA3319
MMS-RO-00215,TVH,139TA4878
MMS-RO-00216,TVH,107TA3281
MMS-RO-00217,TVH,107TA3320
MMS-RO-00218,TVH,139TA4879
MMS-RO-00219,TVH,107TA3282
MMS-RO-00220,TVH,107TA3321
MMS-RO-00221,TVH,139TA4880
MMS-RO-00222,TVH,107TA3283
MMS-RO-00223,TVH,107TA3322
MMS-RO-00224,TVH,139TA4881
MMS-RO-00225,TVH,107TA3284
MMS-RO-00226,TVH,107TA3323
MMS-RO-00227,TVH,139TA4882
MMS-RO-00228,TVH,107TA3285
MMS-RO-00229,TVH,107TA3324
MMS-RO-00230,TVH,139TA4883
MMS-RO-00231,TVH,107TA3286
MMS-RO-00232,TVH,107TA3325
MMS-RO-00233,TVH,107TA3287
MMS-RO-00234,TVH,107TA3326
MMS-RO-00235,TVH,107TA3288
MMS-RO-00236,TVH,107TA3312
MMS-RO-00237,TVH,139TA4890
MMS-RO-00238,TVH,107TA3274
MMS-RO-00239,TVH,107TA3313
MMS-RO-00240,TVH,139TA4885
MMS-RO-00241,TVH,107TA3275
MMS-RO-00242,TVH,107TA3314
MMS-RO-00243,TVH,139TA4886
MMS-RO-00244,TVH,107TA3276
MMS-RO-00245,TVH,107TA3315
MMS-RO-00246,TVH,139TA4887
MMS-RO-00247,TVH,107TA3277
MMS-RO-00248,TVH,139TA4888
MMS-RO-00249,TVH,107TA3278
MMS-RO-00250,TVH,107TA3317
MMS-RO-00251,TVH,139TA4889
MMS-RO-00252,TVH,107TA3279
MMS-RO-00253,TVH,107TA3318
MMS-RO-00254,TVH,107TA8681
MMS-RO-00255,TVH,107TA3340
MMS-RO-00256,TVH,139TA4858
MMS-RO-00257,TVH,107TA3302
MMS-RO-00258,TVH,107TA3341
MMS-RO-00259,TVH,139TA4859
MMS-RO-00260,TVH,107TA3303
MMS-RO-00261,TVH,107TA3342
MMS-RO-00262,TVH,139TA4860
MMS-RO-00263,TVH,107TA3304
MMS-RO-00264,TVH,107TA3343
MMS-RO-00265,TVH,139TA4861
MMS-RO-00266,TVH,107TA3305
MMS-RO-00267,TVH,107TA3344
MMS-RO-00268,TVH,139TA4862
MMS-RO-00269,TVH,107TA3306
MMS-RO-00270,TVH,107TA3345
MMS-RO-00271,TVH,107TA3307
MMS-RO-00272,TVH,107TA3346
MMS-RO-00273,TVH,139TA4863
MMS-RO-00274,TVH,107TA3308
MMS-RO-00275,TVH,107TA3347
MMS-RO-00276,TVH,139TA4864
MMS-RO-00277,TVH,107TA3309
MMS-RO-00278,TVH,107TA3348
MMS-RO-00279,TVH,139TA4865
MMS-RO-00280,TVH,107TA3310
MMS-RO-00281,TVH,107TA3349
MMS-RO-00282,TVH,139TA4866
MMS-RO-00283,TVH,107TA3311
MMS-RO-00284,TVH,107TA8679
MMS-RO-00285,TVH,107TA3289
MMS-RO-00286,TVH,107TA8680
MMS-RO-00287,TVH,107TA3290
MMS-RO-00288,TVH,107TA3329
MMS-RO-00289,TVH,139TA4867
MMS-RO-00290,TVH,107TA3291
MMS-RO-00291,TVH,107TA3330
MMS-RO-00292,TVH,139TA4868
MMS-RO-00293,TVH,107TA3292
MMS-RO-00294,TVH,107TA3331
MMS-RO-00295,TVH,139TA4869
MMS-RO-00296,TVH,107TA3293
MMS-RO-00297,TVH,107TA3332
MMS-RO-00298,TVH,139TA4870
MMS-RO-00299,TVH,107TA3294
MMS-RO-00300,TVH,139TA4871
MMS-RO-00301,TVH,107TA3295
MMS-RO-00302,TVH,107TA3334
MMS-RO-00303,TVH,139TA4872
MMS-RO-00304,TVH,107TA3296
MMS-RO-00305,TVH,107TA3335
MMS-RO-00306,TVH,139TA4873
MMS-RO-00307,TVH,107TA3297
MMS-RO-00308,TVH,107TA3336
MMS-RO-00309,TVH,139TA4874
MMS-RO-00310,TVH,107TA3298
MMS-RO-00311,TVH,107TA3337
MMS-RO-00312,TVH,139TA4875
MMS-RO-00313,TVH,107TA3299
MMS-RO-00314,TVH,107TA3338
MMS-RO-00315,TVH,139TA4876
MMS-RO-00316,TVH,107TA3300
MMS-RO-00317,TVH,107TA3339
MMS-RO-00318,TVH,139TA4877
MMS-RO-00319,TVH,107TA3301
MMS-SP-00001,TVH,145TA8475
MMS-SP-00002,TVH,139TA7280
MMS-SP-00003,TVH,108TA8617
MMS-SP-00004,TVH,108TA8615
MMS-SP-00005,TVH,108TA8616
MMS-SP-00006,TVH,129TA9851
